,title,writer,url,likes
0,"PR

헌 책방R - 프롤로그",네오,https://www.postype.com/poster/redirect/12723,64
1,[랩진뷔/뷔진랩]김형제,no.Pink💗,https://nopink.postype.com/post/7577996,1842
2,개와 햄스터의 상관관계 1,메리,https://merry1122.postype.com/post/5213193,1079
3,개와 햄스터의 상관관계 2,메리,https://merry1122.postype.com/post/5264914,903
4,개와 햄스터의 상관관계 6,메리,https://merry1122.postype.com/post/5474424,861
5,개와 햄스터의 상관관계 7,메리,https://merry1122.postype.com/post/5530288,852
6,개와 햄스터의 상관관계 3,메리,https://merry1122.postype.com/post/5294122,842
7,개와 햄스터의 상관관계 9,메리,https://merry1122.postype.com/post/5676883,837
8,개와 햄스터의 상관관계 20 (完),메리,https://merry1122.postype.com/post/6308228,816
9,개와 햄스터의 상관관계 10,메리,https://merry1122.postype.com/post/5705291,787
10,개와 햄스터의 상관관계 5,메리,https://merry1122.postype.com/post/5359286,783
11,개와 햄스터의 상관관계 4,메리,https://merry1122.postype.com/post/5355581,783
12,개와 햄스터의 상관관계 14,메리,https://merry1122.postype.com/post/5990577,774
13,개와 햄스터의 상관관계 11,메리,https://merry1122.postype.com/post/5794189,770
14,개와 햄스터의 상관관계 12,메리,https://merry1122.postype.com/post/5840438,746
15,[국뷔/슈짐/랩진홉] 까까동아리 단체카톡 .00 : 인물설정편,꽃살,https://flowerbeefkv.postype.com/post/2025383,746
16,개와 햄스터의 상관관계 18,메리,https://merry1122.postype.com/post/6223593,739
17,개와 햄스터의 상관관계 13,메리,https://merry1122.postype.com/post/5898441,739
18,개와 햄스터의 상관관계 19,메리,https://merry1122.postype.com/post/6264249,732
19,[국뷔/슈짐/랩진홉] 까까동아리 단체카톡 .02 : 방송이 종료되었습니다,꽃살,https://flowerbeefkv.postype.com/post/2069089,726
20,개와 햄스터의 상관관계 16,메리,https://merry1122.postype.com/post/6143249,713
21,[국뷔/슈짐/랩진홉] 까까동아리 단체카톡 .03 : 너와 나의 취향은,꽃살,https://flowerbeefkv.postype.com/post/2228380,704
22,[국뷔/슈짐/랩진홉] 헤어샵 BTS 단체카톡 .00 : 인물설정편,꽃살,https://flowerbeefkv.postype.com/post/1859017,702
23,[국뷔/슈짐/랩진홉] 까까동아리 단체카톡 .07 : 민박집을 건설하겠습니다,꽃살,https://flowerbeefkv.postype.com/post/2337873,698
24,[국뷔/슈짐/랩진홉] 까까동아리 단체카톡 .06 : 어디서 깨이 냄새 안나요?,꽃살,https://flowerbeefkv.postype.com/post/2328943,696
25,[국뷔/슈짐/랩진홉] 까까동아리 단체카톡 .04 : 소개팅 그녀,꽃살,https://flowerbeefkv.postype.com/post/2272915,696
26,날개 1,샌디,https://sandyfor.postype.com/post/1964167,691
27,[국뷔/슈짐/랩진홉] 까까동아리 단체카톡 .05 : 소개팅 그후,꽃살,https://flowerbeefkv.postype.com/post/2307497,686
28,개와 햄스터의 상관관계 17,메리,https://merry1122.postype.com/post/6167224,684
29,[국뷔/슈짐/랩진홉] 까까동아리 단체카톡 .01 : 방송 준비중입니다,꽃살,https://flowerbeefkv.postype.com/post/2046591,682
30,[국뷔/슈짐/랩진홉] 까까동아리 단체카톡 .08 : 중국 요리 시켜먹자~,꽃살,https://flowerbeefkv.postype.com/post/2356883,677
31,[국뷔/슈짐/랩진홉] 까까동아리 단체카톡 .10 : 소소한 일요일의 일상 대화,꽃살,https://flowerbeefkv.postype.com/post/2405978,660
32,[1부] 나를 속이고 죽이는 다정 A,메리,https://merry1122.postype.com/post/5020260,650
33,날개 3,샌디,https://sandyfor.postype.com/post/2039224,637
34,[국뷔/슈짐/랩진홉] 헤어샵 BTS 단체카톡 .02 : 진상과의 대면,꽃살,https://flowerbeefkv.postype.com/post/1865597,634
35,날개 5,샌디,https://sandyfor.postype.com/post/2126866,615
36,[국뷔/슈짐/랩진홉] 까까동아리 단체카톡 .09 : 혈기왕성한 20대,꽃살,https://flowerbeefkv.postype.com/post/2375826,633
37,[국뷔/슈짐/랩진홉] 헤어샵 BTS 단체카톡 .01 : 민사장님이 기분 좋은 날,꽃살,https://flowerbeefkv.postype.com/post/1862513,628
38,[국뷔/슈짐/랩진홉] 까까동아리 단체카톡 .11 : 소제목 짓기 애매하고 귀찮은 날이 있는데 그날이 오늘입니다,꽃살,https://flowerbeefkv.postype.com/post/2418019,620
39,[국뷔/슈짐/랩진홉] 헤어샵 BTS 단체카톡 .05 : 아파도 출근해야 되는 이유,꽃살,https://flowerbeefkv.postype.com/post/1877830,617
40,[BTS] 저승 TALK 01,VLUE,https://pigsavior.postype.com/post/6192335,615
41,날개 10,샌디,https://sandyfor.postype.com/post/2333368,613
42,[국뷔/슈짐/랩진홉] 헤어샵 BTS 단체카톡 .88 : 그 남자의 구여친 下,꽃살,https://flowerbeefkv.postype.com/post/3867922,611
43,날개 4,샌디,https://sandyfor.postype.com/post/2093426,608
44,[국뷔/슈짐/랩진홉] 까까동아리 단체카톡 .12 : 동아리 엠티 계획,꽃살,https://flowerbeefkv.postype.com/post/2431560,607
45,더 나은 코트 A,메리,https://merry1122.postype.com/post/3770645,605
46,날개 11,샌디,https://sandyfor.postype.com/post/2345156,601
47,날개 12,샌디,https://sandyfor.postype.com/post/2367191,589
